name,position,value,age,country,contracttime,image
Aaron Cresswell,GK,Less than 2M$,Less than 18,Europe ML,1,aaron_cresswell.jpg
Aaron Lennon,DF,2M$ and 5M$,18 and 23,Africa ML,2,
Aaron Mooy,MF,5M$ and 10M$,23 and 30,Asia ML,3,
Aaron Ramsey,FW,Up to 10M$,Up to 30,America ML,4,aaron_ramsey.jpg
Aaron Rowe,GK,2M$ and 5M$,23 and 30,Viet Nam,5,
Aaron Wan-Bissaka,DF,2M$ and 5M$,23 and 30,Europe ML,4,
Abdelhamid Sabiri,MF,Less than 2M$,Less than 18,Europe ML,4,
Abdoulaye Doucour?,DF,Less than 2M$,23 and 30,Viet Nam,5,
Aboubakar Kamara,MF,5M$ and 10M$,23 and 30,Asia ML,3,
Adalberto Pe?aranda Maestre,DF,Up to 10M$,23 and 30,Asia ML,4,
Adam Lallana,MF,Up to 10M$,23 and 30,Viet Nam,2,
Adam Masina,DF,Up to 10M$,Up to 30,Asia ML,5,
Adam Smith,DF,5M$ and 10M$,18 and 23,Africa ML,3,
Adama Diakhaby,FW,2M$ and 5M$,23 and 30,Europe ML,4,
Adama Traor?,FW,2M$ and 5M$,18 and 23,Asia ML,2,
Ademola Lookman,FW,Up to 10M$,Less than 18,Asia ML,5,
Adri?n,FW,2M$ and 5M$,23 and 30,Viet Nam,2,
Adrian Mariappa,GK,Up to 10M$,18 and 23,Africa ML,2,
Adrien Sebastian Perruchet Silva,MF,Up to 10M$,Up to 30,Asia ML,5,
Ainsley Maitland-Niles,FW,Up to 10M$,Up to 30,Viet Nam,3,
Alberto Moreno,MF,2M$ and 5M$,Up to 30,Africa ML,1,
Aleksandar Mitrovi?,MF,Less than 2M$,Up to 30,America ML,5,
Alex Iwobi,GK,Less than 2M$,Less than 18,Africa ML,1,
Alex McCarthy,MF,Less than 2M$,18 and 23,Africa ML,3,
Alex Oxlade-Chamberlain,DF,5M$ and 10M$,18 and 23,Asia ML,1,
Alex Pritchard,FW,Less than 2M$,18 and 23,America ML,4,
Alex Smithies,DF,5M$ and 10M$,Up to 30,Africa ML,2,
Alexander S?rloth,FW,5M$ and 10M$,Up to 30,Viet Nam,1,
Alexandre Lacazette,GK,2M$ and 5M$,18 and 23,Africa ML,1,
Alexandre Nascimento Costa Silva,FW,5M$ and 10M$,Up to 30,Africa ML,3,
Alexis Sanchez,DF,2M$ and 5M$,Less than 18,Africa ML,2,
Alfie Jones,DF,2M$ and 5M$,Less than 18,America ML,5,
Alfie Mawson,GK,2M$ and 5M$,23 and 30,Asia ML,2,
Alfie Whiteman,GK,2M$ and 5M$,Less than 18,Viet Nam,5,
Ali Koiki,DF,2M$ and 5M$,Up to 30,Europe ML,4,
Alireza Jahanbakhsh,DF,Up to 10M$,18 and 23,Asia ML,1,
Alisson Becker,MF,2M$ and 5M$,23 and 30,Africa ML,1,
Alvaro Morata,FW,Less than 2M$,23 and 30,Viet Nam,2,
Ander Herrera,DF,Less than 2M$,Up to 30,Africa ML,2,
Andr? Gomes,DF,Up to 10M$,Up to 30,Asia ML,2,
Andre Gray,DF,Less than 2M$,Up to 30,America ML,2,
Andr? Sch?rrle,GK,5M$ and 10M$,Less than 18,Europe ML,5,
Andr?-Frank Zambo Anguissa,FW,5M$ and 10M$,Less than 18,Viet Nam,1,
Andreas Christensen,MF,2M$ and 5M$,18 and 23,Asia ML,1,
Andreas Pereira,FW,2M$ and 5M$,Less than 18,Africa ML,2,
Andrew Robertson,DF,Up to 10M$,Less than 18,Europe ML,1,
Andrew Surman,DF,5M$ and 10M$,18 and 23,Asia ML,5,
Andriy Yarmolenko,GK,2M$ and 5M$,Less than 18,America ML,4,
Andros Townsend,MF,2M$ and 5M$,Less than 18,Africa ML,3,
Andy Carroll,DF,2M$ and 5M$,23 and 30,Asia ML,2,
Angel Gomes,GK,5M$ and 10M$,Up to 30,Europe ML,2,
Angelo Ogbonna,GK,5M$ and 10M$,Up to 30,America ML,3,
Angus Gunn,DF,Up to 10M$,Up to 30,America ML,3,
Anthony Driscoll-Glennon,MF,Less than 2M$,18 and 23,America ML,4,
Anthony Knockaert,MF,5M$ and 10M$,Less than 18,Asia ML,1,
Anthony Martial,FW,Up to 10M$,18 and 23,America ML,1,
Antonio Barreca,FW,Less than 2M$,18 and 23,Europe ML,3,
Antonio R?diger,GK,Up to 10M$,Less than 18,America ML,2,
Antonio Valencia,MF,Less than 2M$,18 and 23,Viet Nam,1,
Arijanet Muric,FW,5M$ and 10M$,Up to 30,Europe ML,3,
Aron Einar Gunnarsson,GK,Up to 10M$,Up to 30,Africa ML,2,
Arthur Masuaku,MF,2M$ and 5M$,Up to 30,Africa ML,3,
Artur Boruc,FW,2M$ and 5M$,23 and 30,Asia ML,1,
Ashley Barnes,MF,Less than 2M$,23 and 30,Asia ML,5,
Ashley Westwood,DF,5M$ and 10M$,23 and 30,Asia ML,1,
Ashley Young,GK,2M$ and 5M$,Up to 30,Asia ML,5,
Asmir Begovi?,FW,5M$ and 10M$,23 and 30,Viet Nam,1,
Aymeric Laporte,MF,Less than 2M$,23 and 30,Viet Nam,1,
Ayoze Perez,GK,Up to 10M$,Up to 30,Africa ML,1,
Bakary Sako,MF,Less than 2M$,Less than 18,Viet Nam,2,
Ben Chilwell,DF,Less than 2M$,18 and 23,Europe ML,4,
Ben Davies,FW,5M$ and 10M$,Less than 18,Viet Nam,1,
Ben Foster,GK,Up to 10M$,Less than 18,Africa ML,3,
Ben Gibson,GK,2M$ and 5M$,Up to 30,America ML,1,
Ben Hamer,DF,2M$ and 5M$,23 and 30,Viet Nam,2,
Ben Johnson,FW,5M$ and 10M$,Up to 30,Viet Nam,4,
Ben Mee,MF,2M$ and 5M$,Up to 30,Asia ML,4,
Ben White,MF,5M$ and 10M$,23 and 30,Asia ML,3,
Ben Wilmot,GK,Up to 10M$,18 and 23,Asia ML,3,
Benjamin Mendy,DF,5M$ and 10M$,Up to 30,Europe ML,4,
Beram Kayal,DF,2M$ and 5M$,Up to 30,Europe ML,2,
Bernard An?cio Caldeira Duarte,DF,5M$ and 10M$,Up to 30,Asia ML,5,
Bernardo,GK,2M$ and 5M$,Less than 18,Africa ML,3,
Bernardo Silva,MF,5M$ and 10M$,18 and 23,Viet Nam,2,
Bernd Leno,MF,5M$ and 10M$,23 and 30,Europe ML,3,
Bobby Reid,FW,Up to 10M$,18 and 23,America ML,4,
Brian Murphy,GK,Less than 2M$,Up to 30,Africa ML,4,
Bright Enobakhare,GK,5M$ and 10M$,Less than 18,America ML,4,
Bruno ?cu?l? Manga,GK,5M$ and 10M$,Less than 18,Viet Nam,2,
Bruno Saltor Grau,GK,Less than 2M$,Less than 18,Asia ML,4,
Caglar S?y?nc?,DF,2M$ and 5M$,Less than 18,Europe ML,2,
Callum Hudson-Odoi,DF,Less than 2M$,Up to 30,Africa ML,1,
Callum Paterson,FW,2M$ and 5M$,Up to 30,Europe ML,4,
Callum Roberts,DF,Up to 10M$,18 and 23,Africa ML,5,
Callum Slattery,GK,Less than 2M$,Up to 30,Africa ML,3,
Callum Wilson,MF,5M$ and 10M$,Less than 18,America ML,5,
Calum Chambers,GK,2M$ and 5M$,Less than 18,Africa ML,5,
Cameron John,MF,Up to 10M$,18 and 23,America ML,4,
Carl Jenkinson,FW,Up to 10M$,Up to 30,Asia ML,3,
Carlos S?nchez,DF,Up to 10M$,Up to 30,America ML,5,
Cedric Soares,GK,5M$ and 10M$,18 and 23,Europe ML,2,
Cenk Tosun,FW,2M$ and 5M$,Up to 30,Europe ML,1,
Cesar Azpilicueta,GK,Less than 2M$,Up to 30,Viet Nam,1,
Cesc Fabregas,GK,5M$ and 10M$,Up to 30,Asia ML,1,
Charlie Austin,GK,5M$ and 10M$,18 and 23,Viet Nam,5,
Charlie Daniels,MF,Up to 10M$,18 and 23,Africa ML,4,
Charlie Taylor,FW,Up to 10M$,23 and 30,Europe ML,1,
Cheikhou Kouyat?,MF,2M$ and 5M$,18 and 23,Viet Nam,2,
Chris L?we,GK,Up to 10M$,Less than 18,Viet Nam,1,
Chris Mepham,GK,Less than 2M$,Less than 18,Viet Nam,3,
Chris Smalling,DF,Up to 10M$,Up to 30,America ML,5,
Chris Wood,MF,5M$ and 10M$,18 and 23,America ML,3,
Christian Atsu Twasam,GK,Up to 10M$,18 and 23,Viet Nam,1,
Christian Benteke,FW,Up to 10M$,18 and 23,Viet Nam,5,
Christian Eriksen,DF,Up to 10M$,18 and 23,Viet Nam,4,
Christian Fuchs,FW,Less than 2M$,Up to 30,Africa ML,3,
Christian Kabasele,FW,Less than 2M$,23 and 30,America ML,4,
Christopher Schindler,FW,Up to 10M$,Less than 18,America ML,3,
Ciaran Clark,FW,5M$ and 10M$,Less than 18,Asia ML,1,
Claudio Bravo,MF,Up to 10M$,Up to 30,Asia ML,4,
Collin Quaner,GK,Up to 10M$,23 and 30,Asia ML,5,
Connor Wickham,DF,2M$ and 5M$,18 and 23,Asia ML,2,
Conor Coady,DF,2M$ and 5M$,Less than 18,Africa ML,5,
Conor Coventry,FW,Less than 2M$,18 and 23,America ML,1,
Craig Cathcart,DF,2M$ and 5M$,Less than 18,Africa ML,3,
Curtis Jones,MF,Less than 2M$,18 and 23,Viet Nam,5,
Cyrus Christie,GK,5M$ and 10M$,18 and 23,Asia ML,4,
Dale Stephens,DF,Up to 10M$,23 and 30,Asia ML,1,
Dan Burn,FW,Less than 2M$,Up to 30,Europe ML,4,
Dan Gosling,FW,2M$ and 5M$,18 and 23,Africa ML,2,
Daniel Amartey,DF,Up to 10M$,18 and 23,Africa ML,2,
Daniel Sturridge,FW,Up to 10M$,Less than 18,America ML,1,
Daniel Williams,GK,Less than 2M$,18 and 23,Europe ML,1,
Danilo,GK,Up to 10M$,23 and 30,Viet Nam,3,
Danny Drinkwater,MF,2M$ and 5M$,23 and 30,Africa ML,2,
Danny Ings,GK,Less than 2M$,Less than 18,Viet Nam,3,
Danny Rose,FW,5M$ and 10M$,23 and 30,Africa ML,4,
Danny Simpson,FW,5M$ and 10M$,Up to 30,Viet Nam,5,
Danny Ward,GK,Less than 2M$,Up to 30,Asia ML,1,
Danny Ward,MF,5M$ and 10M$,Up to 30,Viet Nam,5,
Danny Welbeck,GK,Less than 2M$,Up to 30,Africa ML,1,
Daryl Janmaat,MF,5M$ and 10M$,Less than 18,America ML,1,
David Brooks,GK,Less than 2M$,23 and 30,Asia ML,5,
David Button,MF,2M$ and 5M$,Up to 30,Asia ML,5,
David de Gea,MF,Less than 2M$,23 and 30,Africa ML,4,
David Junior Hoilett,DF,Up to 10M$,Less than 18,America ML,1,
David Luiz,DF,Less than 2M$,Up to 30,Europe ML,5,
David Silva,MF,Up to 10M$,Less than 18,Europe ML,4,
Davide Zappacosta,MF,5M$ and 10M$,23 and 30,Africa ML,4,
Davinson S?nchez,MF,2M$ and 5M$,18 and 23,America ML,2,
Davy Pr?pper,MF,5M$ and 10M$,Less than 18,America ML,4,
DeAndre Yedlin,MF,Less than 2M$,23 and 30,Europe ML,3,
Declan Rice,GK,5M$ and 10M$,Up to 30,America ML,5,
Dejan Lovren,GK,Less than 2M$,Less than 18,America ML,5,
Dele Alli,DF,2M$ and 5M$,Up to 30,America ML,5,
Demarai Gray,FW,2M$ and 5M$,23 and 30,Africa ML,1,
Demeaco Duhaney,FW,Less than 2M$,18 and 23,America ML,3,
Denis Odoi,GK,Less than 2M$,Less than 18,Asia ML,3,
Denis Su?rez,MF,Less than 2M$,23 and 30,Africa ML,2,
Diego Rico,DF,Less than 2M$,18 and 23,Africa ML,5,
Diogo Dalot,GK,Up to 10M$,Up to 30,Africa ML,5,
Diogo Jos? Teixeira da Silva,FW,2M$ and 5M$,23 and 30,America ML,3,
Divock Origi,DF,Up to 10M$,Less than 18,Africa ML,5,
Domingos Quina,DF,Up to 10M$,Less than 18,Viet Nam,3,
Dominic Calvert-Lewin,FW,2M$ and 5M$,Less than 18,America ML,5,
Dominic Solanke,MF,2M$ and 5M$,Less than 18,Europe ML,1,
Dwight McNeil,DF,Up to 10M$,18 and 23,America ML,3,
Eden Hazard,FW,5M$ and 10M$,Less than 18,America ML,3,
Ederson,GK,2M$ and 5M$,Less than 18,Viet Nam,2,
Edward Nketiah,MF,5M$ and 10M$,23 and 30,America ML,1,
Elias Kachunga,GK,Up to 10M$,23 and 30,Asia ML,1,
Emerson Hyndman,DF,Less than 2M$,18 and 23,Africa ML,4,
Emerson Palmieri,FW,Less than 2M$,18 and 23,Asia ML,5,
Emile Smith Rowe,DF,Up to 10M$,Up to 30,Viet Nam,3,
Emiliano Mart?nez,GK,5M$ and 10M$,18 and 23,Europe ML,4,
Eric Bailly,FW,5M$ and 10M$,Less than 18,Viet Nam,1,
Eric Dier,MF,Up to 10M$,Up to 30,America ML,4,
Erik Durm,GK,Up to 10M$,Less than 18,Africa ML,5,
Erik Lamela,FW,5M$ and 10M$,18 and 23,Europe ML,5,
Ethan Ampadu,MF,Up to 10M$,18 and 23,Asia ML,3,
?tienne Capoue,MF,Up to 10M$,Up to 30,Viet Nam,2,
Fabi?n Balbuena,DF,Up to 10M$,Up to 30,America ML,3,
Fabian Delph,MF,2M$ and 5M$,23 and 30,Europe ML,4,
Fabian Sch?r,FW,5M$ and 10M$,Up to 30,Europe ML,5,
Fabinho,GK,Less than 2M$,Less than 18,Africa ML,3,
Fabricio Mart?n Agosto Ram?rez,MF,5M$ and 10M$,23 and 30,Asia ML,2,
Faustino Marcos Alberto Rojo,MF,Less than 2M$,18 and 23,Africa ML,4,
Federico Fern?ndez,GK,2M$ and 5M$,Less than 18,Asia ML,1,
Felipe Anderson,MF,5M$ and 10M$,Less than 18,Viet Nam,2,
Fernandinho,MF,2M$ and 5M$,Up to 30,America ML,3,
Fernando Llorente Torres,DF,5M$ and 10M$,Up to 30,Viet Nam,4,
Florent Hadergjonaj,MF,Up to 10M$,18 and 23,Viet Nam,4,
Florian Lejeune,MF,Up to 10M$,Up to 30,Europe ML,3,
Florin Andone,MF,2M$ and 5M$,Less than 18,Asia ML,4,
Floyd Ayit?,FW,5M$ and 10M$,18 and 23,Europe ML,4,
Fousseni Diabat?,FW,Less than 2M$,18 and 23,Africa ML,1,
Fraser Forster,DF,5M$ and 10M$,18 and 23,America ML,1,
Fred,FW,5M$ and 10M$,Up to 30,Asia ML,1,
Freddie Woodman,GK,Up to 10M$,18 and 23,Asia ML,4,
Gabriel Jesus,MF,2M$ and 5M$,23 and 30,Africa ML,3,
Ga?tan Bong Songo,MF,Up to 10M$,Up to 30,Europe ML,4,
Gary Cahill,FW,Less than 2M$,Up to 30,Europe ML,5,
Gary Madine,MF,Up to 10M$,Less than 18,Europe ML,3,
George Marsh,FW,2M$ and 5M$,23 and 30,Africa ML,3,
Georges-Kevin N'Koudou Mbida,GK,Less than 2M$,18 and 23,America ML,3,
Georginio Wijnaldum,MF,Less than 2M$,18 and 23,America ML,5,
Gerard Deulofeu,FW,2M$ and 5M$,Up to 30,Europe ML,4,
Glenn Murray,GK,5M$ and 10M$,Up to 30,Europe ML,2,
Gonzalo Higuain,MF,Up to 10M$,Up to 30,Asia ML,4,
Grady Diangana,GK,2M$ and 5M$,Up to 30,Viet Nam,4,
Granit Xhaka,MF,2M$ and 5M$,23 and 30,Viet Nam,2,
Greg Cunningham,MF,Up to 10M$,23 and 30,Africa ML,3,
Gylfi Sigurdsson,FW,Less than 2M$,Up to 30,Europe ML,3,
Hamza Choudhury,GK,2M$ and 5M$,Up to 30,America ML,1,
Harry Arter,GK,Up to 10M$,18 and 23,America ML,3,
Harry Kane,MF,Up to 10M$,Less than 18,Viet Nam,3,
Harry Maguire,GK,5M$ and 10M$,Less than 18,Africa ML,3,
Harry Winks,FW,Up to 10M$,Less than 18,Viet Nam,3,
Harvey Barnes,FW,Up to 10M$,Less than 18,Europe ML,5,
H?vard Nordtveit,DF,Up to 10M$,23 and 30,Europe ML,2,
Hector Bellerin,FW,5M$ and 10M$,23 and 30,Viet Nam,4,
H?lder Wander Sousa Azevedo Costa,DF,Up to 10M$,Less than 18,Asia ML,4,
Henrikh Mkhitaryan,GK,5M$ and 10M$,Up to 30,Europe ML,2,
Heung-Min Son,MF,Less than 2M$,18 and 23,Viet Nam,5,
Heurelho da Silva Gomes,FW,Up to 10M$,Up to 30,Asia ML,2,
Hugo Lloris,GK,Less than 2M$,18 and 23,Europe ML,5,
Ibrahima Ciss?,MF,Up to 10M$,Up to 30,Africa ML,3,
Idrissa Gueye,GK,Up to 10M$,Up to 30,Asia ML,2,
?lkay G?ndo?an,GK,Up to 10M$,18 and 23,America ML,5,
Isaac Hayden,GK,2M$ and 5M$,23 and 30,Viet Nam,2,
Isaac Mbenza,MF,Up to 10M$,23 and 30,Viet Nam,4,
Isaac Success,MF,Less than 2M$,Up to 30,Asia ML,3,
Issa Diop,DF,Less than 2M$,Less than 18,Viet Nam,4,
Ivan Ricardo Neves Abreu Cavaleiro,GK,5M$ and 10M$,Less than 18,Africa ML,3,
Jack Cork,DF,Up to 10M$,Up to 30,Europe ML,1,
Jack Simpson,GK,5M$ and 10M$,18 and 23,Viet Nam,4,
Jack Stephens,GK,Less than 2M$,18 and 23,Viet Nam,2,
Jack Wilshere,DF,2M$ and 5M$,18 and 23,America ML,3,
Jacob Murphy,GK,Less than 2M$,23 and 30,Africa ML,2,
Ja?ro Riedewald,MF,Less than 2M$,23 and 30,America ML,5,
Jamaal Lascelles,GK,Up to 10M$,Up to 30,Viet Nam,2,
James Garner,DF,Up to 10M$,23 and 30,Asia ML,2,
James Maddison,DF,Up to 10M$,Up to 30,Europe ML,3,
James McArthur,DF,2M$ and 5M$,23 and 30,Viet Nam,2,
James McCarthy,FW,Up to 10M$,Up to 30,Europe ML,2,
James Milner,FW,Up to 10M$,Up to 30,Africa ML,1,
James Tarkowski,MF,Less than 2M$,Up to 30,America ML,2,
James Tomkins,DF,2M$ and 5M$,23 and 30,America ML,1,
James Ward-Prowse,DF,2M$ and 5M$,Less than 18,Asia ML,4,
Jamie Sterry,GK,Less than 2M$,23 and 30,Viet Nam,2,
Jamie Vardy,FW,5M$ and 10M$,18 and 23,Asia ML,1,
Jan Bednarek,GK,Up to 10M$,23 and 30,Viet Nam,1,
Jan Vertonghen,GK,5M$ and 10M$,Up to 30,America ML,2,
Jannik Vestergaard,DF,5M$ and 10M$,Less than 18,Africa ML,1,
Jason Puncheon,FW,2M$ and 5M$,23 and 30,Europe ML,2,
Jason Steele,GK,Less than 2M$,Up to 30,America ML,2,
Javier Hernandez,FW,Up to 10M$,Less than 18,America ML,4,
Javier Manquillo,FW,Less than 2M$,18 and 23,Asia ML,5,
Jayson Molumby,MF,Less than 2M$,Up to 30,Africa ML,5,
Jazz Richards,DF,2M$ and 5M$,23 and 30,Africa ML,3,
Jean Michau00ebl Seri,MF,2M$ and 5M$,Up to 30,Viet Nam,3,
Jeff Hendrick,GK,2M$ and 5M$,Up to 30,Asia ML,2,
Jefferson Lerma,MF,2M$ and 5M$,Up to 30,Europe ML,5,
Jeffrey Schlupp,MF,Less than 2M$,18 and 23,Europe ML,4,
Jermain Defoe,DF,Up to 10M$,18 and 23,Asia ML,1,
Jesse Lingard,MF,Up to 10M$,23 and 30,Viet Nam,5,
Jo?o Moutinho,FW,Up to 10M$,Less than 18,Africa ML,3,
Joe Bennett,GK,5M$ and 10M$,Less than 18,Asia ML,2,
Joe Bryan,DF,2M$ and 5M$,Less than 18,Viet Nam,1,
Joe Daniel Tupper,GK,Less than 2M$,Up to 30,Europe ML,1,
Joe Gomez,MF,5M$ and 10M$,23 and 30,Asia ML,5,
Joe Hart,MF,Less than 2M$,Up to 30,Europe ML,2,
Joe Powell,GK,Up to 10M$,23 and 30,Europe ML,5,
Joe Ralls,DF,Up to 10M$,23 and 30,Europe ML,2,
Joel Coleman,DF,Less than 2M$,23 and 30,Viet Nam,4,
Joel Matip,GK,5M$ and 10M$,Less than 18,America ML,5,
Joel Ward,MF,5M$ and 10M$,Up to 30,Europe ML,5,
Johann Berg Gu?munds?son,MF,2M$ and 5M$,18 and 23,America ML,4,
John Ruddy,GK,5M$ and 10M$,Less than 18,Africa ML,4,
John Stones,FW,Less than 2M$,Up to 30,Viet Nam,2,
Jon Gorenc Stankovi?,FW,Up to 10M$,Up to 30,Africa ML,1,
Jonas L?ssl,DF,Less than 2M$,23 and 30,America ML,3,
Jonathan Hogg,DF,Less than 2M$,18 and 23,America ML,2,
Jonathan Walters,MF,2M$ and 5M$,Less than 18,Africa ML,5,
Jonjo Shelvey,GK,Less than 2M$,18 and 23,Africa ML,3,
Jonjoe Kenny,GK,Less than 2M$,Less than 18,America ML,5,
Jonny,MF,Less than 2M$,Less than 18,Africa ML,4,
Jonny Evans,DF,2M$ and 5M$,23 and 30,America ML,1,
Jordan Ayew,GK,Up to 10M$,18 and 23,America ML,3,
Jordan Henderson,GK,Less than 2M$,23 and 30,America ML,4,
Jordan Pickford,GK,Less than 2M$,Up to 30,Africa ML,2,
Jordon Ibe,GK,5M$ and 10M$,Up to 30,Africa ML,4,
Jorginho,MF,5M$ and 10M$,Less than 18,Asia ML,4,
Jos? Holebas,FW,Up to 10M$,Less than 18,Asia ML,4,
Jose Izquierdo,GK,2M$ and 5M$,18 and 23,Viet Nam,5,
Joselu,FW,5M$ and 10M$,Less than 18,America ML,1,
Joseph Willock,FW,Up to 10M$,Less than 18,Asia ML,1,
Josh Benson,MF,Up to 10M$,Up to 30,Europe ML,1,
Josh Knight,GK,Up to 10M$,Up to 30,Europe ML,1,
Josh Murphy,MF,5M$ and 10M$,23 and 30,Asia ML,5,
Joshua King,GK,2M$ and 5M$,Up to 30,Europe ML,2,
Joshua Sims,GK,Up to 10M$,Less than 18,Europe ML,4,
Juan Foyth,GK,2M$ and 5M$,23 and 30,Asia ML,4,
Juan Mata,DF,Up to 10M$,Less than 18,America ML,4,
Juli?n Speroni,MF,5M$ and 10M$,18 and 23,America ML,2,
Juninho Bacuna,DF,5M$ and 10M$,Up to 30,Asia ML,4,
Junior Stanislas,DF,Less than 2M$,18 and 23,Viet Nam,5,
J?rgen Locadia,MF,Up to 10M$,18 and 23,Africa ML,3,
Kadeem Harris,GK,5M$ and 10M$,Up to 30,Africa ML,5,
Karl Darlow,DF,5M$ and 10M$,Less than 18,Viet Nam,3,
Karlan Ahearne-Grant,FW,Up to 10M$,Less than 18,America ML,5,
Kasper Schmeichel,MF,5M$ and 10M$,23 and 30,America ML,5,
Kayne Ramsey,MF,Up to 10M$,23 and 30,Asia ML,2,
Kazaiah Sterling,MF,2M$ and 5M$,23 and 30,Europe ML,1,
Kelechi Iheanacho,MF,Less than 2M$,18 and 23,Asia ML,3,
Kelland Watts,MF,Less than 2M$,Less than 18,America ML,3,
Ken Sema,FW,Less than 2M$,Up to 30,Africa ML,5,
Kenneth Dahrup Zohor?,GK,2M$ and 5M$,Less than 18,Asia ML,5,
Kepa Arrizabalaga,DF,Up to 10M$,Less than 18,Asia ML,2,
Kevin De Bruyne,DF,5M$ and 10M$,Less than 18,Africa ML,3,
Kevin Long,GK,Less than 2M$,18 and 23,America ML,2,
Kevin McDonald,MF,5M$ and 10M$,Less than 18,Africa ML,2,
Ki Sung-yueng,MF,Up to 10M$,18 and 23,Europe ML,3,
Kieran Dowell,FW,Less than 2M$,Less than 18,Viet Nam,2,
Kieran Trippier,MF,5M$ and 10M$,Up to 30,Viet Nam,1,
Kiko Femen?a,MF,2M$ and 5M$,18 and 23,Viet Nam,3,
Konstantinos Mavropanos,GK,2M$ and 5M$,23 and 30,Viet Nam,3,
Kortney Hause,MF,Up to 10M$,Up to 30,Asia ML,4,
Kurt Zouma,GK,Up to 10M$,Less than 18,Africa ML,4,
Kyle Taylor,MF,5M$ and 10M$,Up to 30,Africa ML,3,
Kyle Walker,DF,5M$ and 10M$,23 and 30,America ML,3,
Kyle Walker-Peters,MF,Less than 2M$,18 and 23,Africa ML,2,
Laurent Depoitre,DF,5M$ and 10M$,Less than 18,Viet Nam,1,
Laurent Koscielny,DF,Less than 2M$,Less than 18,Africa ML,1,
Lazar Markovi?,MF,Up to 10M$,23 and 30,Viet Nam,1,
Leander Dendoncker,MF,2M$ and 5M$,23 and 30,Asia ML,3,
Leandro Bacuna,FW,Less than 2M$,Up to 30,Africa ML,4,
Lee Grant,DF,5M$ and 10M$,Up to 30,Africa ML,5,
Lee Peltier,GK,Less than 2M$,23 and 30,Viet Nam,3,
Leighton Baines,MF,Less than 2M$,23 and 30,Viet Nam,5,
Leon Balogun,MF,2M$ and 5M$,18 and 23,Viet Nam,5,
Leonardo Bonatini Lohner Maia,MF,Less than 2M$,Up to 30,Asia ML,5,
Leroy San?,FW,5M$ and 10M$,18 and 23,Africa ML,5,
Lewis Cass,DF,5M$ and 10M$,Up to 30,Europe ML,4,
Lewis Cook,DF,Up to 10M$,23 and 30,Viet Nam,3,
Lewis Dunk,GK,Less than 2M$,Up to 30,America ML,4,
Lo?c Damour,DF,5M$ and 10M$,Up to 30,Asia ML,1,
Loris Karius,FW,Less than 2M$,18 and 23,Africa ML,5,
Luca de la Torre,FW,2M$ and 5M$,Up to 30,Asia ML,2,
Lucas Digne,MF,Up to 10M$,23 and 30,Asia ML,5,
Lucas Moura,MF,2M$ and 5M$,Up to 30,Viet Nam,4,
Lucas Perez,FW,Up to 10M$,23 and 30,Viet Nam,2,
Lucas Torreira,GK,5M$ and 10M$,18 and 23,Europe ML,5,
Luciano Vietto,FW,Up to 10M$,23 and 30,Africa ML,2,
Luka Milivojevi?,GK,Less than 2M$,23 and 30,Europe ML,3,
Luke Amos,GK,5M$ and 10M$,Up to 30,Africa ML,4,
Luke Dreher,FW,Up to 10M$,23 and 30,Viet Nam,3,
Luke Shaw,FW,5M$ and 10M$,23 and 30,Asia ML,2,
Lys Mousset,GK,Less than 2M$,Up to 30,Asia ML,1,
Maarten Stekelenburg,GK,5M$ and 10M$,Less than 18,Europe ML,3,
Mamadou Sakho,FW,Up to 10M$,Up to 30,Africa ML,2,
Manolo Gabbiadini,MF,Less than 2M$,Up to 30,Viet Nam,1,
Manuel Lanzini,GK,Less than 2M$,Less than 18,Asia ML,5,
Marc Albrighton,MF,Less than 2M$,23 and 30,Asia ML,1,
Marc Guehi,GK,Less than 2M$,23 and 30,Asia ML,1,
Marc Navarro Ceciliano,DF,Less than 2M$,Up to 30,Europe ML,1,
Marc Pugh,MF,Up to 10M$,18 and 23,Africa ML,5,
Marcos Alonso,DF,Less than 2M$,Up to 30,Asia ML,3,
Marcus Bettinelli,DF,Up to 10M$,18 and 23,Africa ML,1,
Marcus Rashford,FW,Less than 2M$,18 and 23,Europe ML,5,
Mario Lemina,FW,5M$ and 10M$,18 and 23,America ML,5,
Mark Noble,GK,2M$ and 5M$,Up to 30,Asia ML,5,
Mark Travers,MF,Less than 2M$,18 and 23,Europe ML,1,
Marko Arnautovi?,GK,Up to 10M$,18 and 23,Viet Nam,3,
Markus Suttner,MF,Up to 10M$,23 and 30,Africa ML,4,
Marouane Fellaini,GK,5M$ and 10M$,Less than 18,America ML,3,
Martin D?bravka,FW,5M$ and 10M$,23 and 30,Viet Nam,5,
Martin Kelly,GK,2M$ and 5M$,Less than 18,America ML,5,
Mart?n Montoya,FW,2M$ and 5M$,Up to 30,Africa ML,5,
Mason Greenwood,FW,2M$ and 5M$,23 and 30,Europe ML,5,
Mason Holgate,FW,5M$ and 10M$,Less than 18,Asia ML,5,
Mat?j Vydra,GK,Up to 10M$,18 and 23,Asia ML,1,
Mateo Kova?i?,GK,Less than 2M$,Up to 30,Viet Nam,3,
Mathew Ryan,MF,Less than 2M$,18 and 23,America ML,5,
Mathias J?rgensen,DF,5M$ and 10M$,Up to 30,Africa ML,2,
Matt Butcher,DF,2M$ and 5M$,Less than 18,Asia ML,3,
Matt Doherty,MF,2M$ and 5M$,Less than 18,Europe ML,4,
Matt Ritchie,GK,Up to 10M$,23 and 30,Africa ML,4,
Matt Targett,MF,5M$ and 10M$,18 and 23,Africa ML,2,
Matteo Darmian,GK,Less than 2M$,Less than 18,Asia ML,5,
Matteo Guendouzi,DF,Up to 10M$,Less than 18,Europe ML,5,
Matthew Connolly,GK,5M$ and 10M$,Less than 18,Asia ML,2,
Matthew Lowton,GK,Up to 10M$,Up to 30,Asia ML,3,
Matty Daly,DF,Up to 10M$,18 and 23,Viet Nam,2,
Max Harrison Sanders,FW,2M$ and 5M$,Up to 30,Africa ML,1,
Max Kilman,GK,5M$ and 10M$,23 and 30,Africa ML,1,
Max Meyer,FW,2M$ and 5M$,Less than 18,Asia ML,5,
Maxime Le Marchand,MF,2M$ and 5M$,Less than 18,America ML,1,
Maya Yoshida,FW,Up to 10M$,23 and 30,Europe ML,4,
Mesut ?zil,DF,Up to 10M$,18 and 23,Viet Nam,1,
Michael Keane,GK,Less than 2M$,Up to 30,Africa ML,1,
Michael Obafemi,DF,5M$ and 10M$,Less than 18,America ML,1,
Michail Antonio,GK,5M$ and 10M$,Less than 18,Africa ML,5,
Michel Vorm,GK,2M$ and 5M$,23 and 30,Asia ML,2,
Michy Batshuayi,FW,Less than 2M$,18 and 23,Europe ML,1,
Miguel Almir?n,FW,5M$ and 10M$,Up to 30,Asia ML,1,
Miguel ?ngel Britos Cabrera,MF,5M$ and 10M$,Up to 30,America ML,5,
Mohamed Diam?,GK,Up to 10M$,Less than 18,Viet Nam,1,
Mohamed Elneny,GK,5M$ and 10M$,18 and 23,Europe ML,1,
Mohamed Elyounoussi,MF,5M$ and 10M$,Less than 18,America ML,5,
Mohamed Salah,GK,5M$ and 10M$,Up to 30,Asia ML,5,
Morgan Gibbs-White,DF,5M$ and 10M$,Less than 18,Africa ML,5,
Morgan Schneiderlin,MF,5M$ and 10M$,18 and 23,Europe ML,1,
Moussa Dembele,GK,2M$ and 5M$,23 and 30,Europe ML,4,
Moussa Sissoko,FW,2M$ and 5M$,23 and 30,Asia ML,2,
N'Golo Kant?,MF,Less than 2M$,18 and 23,Asia ML,5,
Naby Ke?ta,MF,Less than 2M$,23 and 30,Europe ML,5,
Nacho Monreal,DF,Up to 10M$,18 and 23,Europe ML,1,
Nampalys Mendy,GK,2M$ and 5M$,Less than 18,Europe ML,1,
Nathan Ak?,GK,Less than 2M$,Less than 18,Asia ML,1,
Nathan Holland,DF,2M$ and 5M$,Up to 30,Viet Nam,3,
Nathan Redmond,GK,Up to 10M$,Up to 30,Asia ML,5,
Nathaniel Chalobah,MF,Up to 10M$,Less than 18,America ML,2,
Nathaniel Clyne,DF,5M$ and 10M$,23 and 30,America ML,2,
Nathaniel Mendez-Laing,DF,2M$ and 5M$,Up to 30,Europe ML,3,
Neeskens Kebano,FW,Less than 2M$,18 and 23,America ML,4,
Neil Leonard Dula Etheridge,GK,5M$ and 10M$,Less than 18,Africa ML,4,
Nemanja Mati?,DF,5M$ and 10M$,23 and 30,America ML,5,
Nicolas Otamendi,FW,5M$ and 10M$,Less than 18,Europe ML,3,
Nikola Tavares,GK,Less than 2M$,18 and 23,Asia ML,2,
Nnamdi Ofoborh,MF,Less than 2M$,18 and 23,Europe ML,2,
Oleksandr Zinchenko,FW,2M$ and 5M$,18 and 23,Viet Nam,3,
Oliver Skipp,MF,Up to 10M$,18 and 23,Europe ML,2,
Olivier Giroud,MF,5M$ and 10M$,Up to 30,Europe ML,2,
Oriol Romeu,FW,2M$ and 5M$,18 and 23,Europe ML,5,
Oumar Niasse,GK,2M$ and 5M$,18 and 23,America ML,3,
Pablo Zabaleta,MF,2M$ and 5M$,Less than 18,Viet Nam,3,
Pape N'Diaye Souar?,MF,Up to 10M$,Less than 18,America ML,2,
Pascal Gro?,GK,5M$ and 10M$,Less than 18,America ML,1,
Patrick van Aanholt,DF,Up to 10M$,Up to 30,Viet Nam,5,
Paul Dummett,FW,2M$ and 5M$,Up to 30,Africa ML,1,
Paul Pogba,DF,5M$ and 10M$,Less than 18,Africa ML,2,
Paulo Gazzaniga,GK,Less than 2M$,18 and 23,Viet Nam,5,
Pedro Obiang,GK,Less than 2M$,18 and 23,Viet Nam,2,
Pedro Rodriguez,MF,5M$ and 10M$,23 and 30,Viet Nam,5,
Peter Crouch,DF,5M$ and 10M$,Less than 18,Asia ML,1,
Petr ?ech,GK,Less than 2M$,Up to 30,Africa ML,3,
Phil Bardsley,FW,Up to 10M$,23 and 30,Viet Nam,4,
Phil Foden,FW,Up to 10M$,23 and 30,Asia ML,5,
Phil Jagielka,MF,5M$ and 10M$,23 and 30,America ML,2,
Phil Jones,FW,Up to 10M$,18 and 23,Africa ML,5,
Philip Billing,DF,Up to 10M$,Up to 30,Viet Nam,2,
Philippe Sandler,GK,2M$ and 5M$,Less than 18,Viet Nam,4,
Pierre-Emerick Aubameyang,DF,Up to 10M$,23 and 30,America ML,5,
Pierre-Emile H?jbjerg,GK,2M$ and 5M$,18 and 23,Europe ML,1,
Rachid Ghezzal,DF,2M$ and 5M$,18 and 23,Viet Nam,1,
Rafael Euclides Soares Camacho,DF,5M$ and 10M$,18 and 23,America ML,4,
Raheem Sterling,GK,Up to 10M$,Up to 30,America ML,5,
Rajiv van La Parra,DF,Up to 10M$,23 and 30,America ML,1,
Ramadan Sobhi,FW,2M$ and 5M$,23 and 30,Africa ML,1,
Ra?l Jim?nez,MF,5M$ and 10M$,18 and 23,Viet Nam,2,
Rhys Healey,FW,Less than 2M$,Less than 18,Europe ML,5,
Ricardo Pereira,MF,2M$ and 5M$,23 and 30,Viet Nam,4,
Richarlison,DF,Up to 10M$,Up to 30,Viet Nam,4,
Riyad Mahrez,FW,Less than 2M$,23 and 30,Europe ML,4,
Rob Holding,FW,2M$ and 5M$,23 and 30,Viet Nam,5,
Robbie Brady,FW,5M$ and 10M$,23 and 30,Africa ML,5,
Robert Kenedy Nunes do Nascimento,MF,2M$ and 5M$,18 and 23,Asia ML,4,
Robert Snodgrass,FW,2M$ and 5M$,Less than 18,Asia ML,5,
Roberto Firmino,DF,Less than 2M$,18 and 23,Europe ML,3,
Roberto Pereyra,GK,5M$ and 10M$,23 and 30,Europe ML,5,
Romain Sa?ss,GK,2M$ and 5M$,18 and 23,Viet Nam,1,
Romelu Lukaku,DF,2M$ and 5M$,Up to 30,Africa ML,2,
Rondon,GK,2M$ and 5M$,Less than 18,America ML,3,
Ross Barkley,GK,Less than 2M$,Up to 30,Viet Nam,4,
Ruben Loftus-Cheek,GK,Less than 2M$,23 and 30,America ML,3,
R?ben Neves,MF,Up to 10M$,18 and 23,America ML,5,
Ruben Vinagre,GK,2M$ and 5M$,Up to 30,Europe ML,2,
Rui Patr?cio,FW,Up to 10M$,Less than 18,Europe ML,2,
Ryan Bennett,DF,Up to 10M$,Up to 30,Africa ML,3,
Ryan Bertrand,MF,5M$ and 10M$,Up to 30,Viet Nam,1,
Ryan Fraser,GK,5M$ and 10M$,Less than 18,Viet Nam,5,
Ryan Fredericks,DF,Less than 2M$,23 and 30,Europe ML,1,
Ryan Giles,MF,2M$ and 5M$,23 and 30,Europe ML,4,
Ryan Guno Babel,GK,2M$ and 5M$,18 and 23,America ML,2,
Ryan Schofield,GK,5M$ and 10M$,18 and 23,Asia ML,2,
Ryan Sessegnon,FW,Up to 10M$,18 and 23,Viet Nam,1,
Sadio Man?,GK,2M$ and 5M$,18 and 23,America ML,2,
Sam Gallagher,MF,Less than 2M$,Up to 30,Europe ML,4,
Sam Surridge,GK,2M$ and 5M$,Less than 18,Asia ML,3,
Sam Vokes,DF,2M$ and 5M$,18 and 23,America ML,4,
Sam Woods,GK,5M$ and 10M$,18 and 23,America ML,5,
Samir Nasri,FW,Less than 2M$,23 and 30,Europe ML,4,
Sandro Ramirez,DF,5M$ and 10M$,Up to 30,Africa ML,2,
Scott Dann,MF,2M$ and 5M$,18 and 23,America ML,2,
Scott McTominay,DF,Less than 2M$,18 and 23,America ML,3,
Sead Kola?inac,GK,2M$ and 5M$,23 and 30,Europe ML,1,
S?amus Coleman,DF,5M$ and 10M$,Less than 18,Europe ML,3,
Sean Longstaff,FW,Up to 10M$,18 and 23,Africa ML,2,
Sean Morrison,GK,Up to 10M$,Up to 30,Asia ML,5,
Sebastian Pr?dl,FW,2M$ and 5M$,23 and 30,Europe ML,3,
Serge Aurier,FW,2M$ and 5M$,23 and 30,Africa ML,3,
Sergio Aguero,DF,Less than 2M$,18 and 23,Viet Nam,4,
Sergio Rico,FW,5M$ and 10M$,Less than 18,Viet Nam,5,
Sergio Romero,FW,Less than 2M$,Up to 30,Europe ML,2,
Shane Duffy,FW,2M$ and 5M$,Up to 30,Europe ML,5,
Shane Long,FW,5M$ and 10M$,Less than 18,Asia ML,2,
Shinji Okazaki,DF,2M$ and 5M$,18 and 23,Asia ML,4,
Shkodran Mustafi,MF,2M$ and 5M$,18 and 23,Africa ML,2,
Simon Francis,FW,5M$ and 10M$,23 and 30,America ML,5,
Simon Mignolet,FW,Less than 2M$,18 and 23,Europe ML,1,
Sokratis Papastathopoulos,MF,5M$ and 10M$,23 and 30,Viet Nam,4,
Solly March,GK,Less than 2M$,18 and 23,Asia ML,4,
Souleymane Bamba,GK,5M$ and 10M$,Up to 30,Europe ML,4,
Stefan Marius Johansen,DF,Less than 2M$,18 and 23,Asia ML,2,
Stefano Okaka,MF,Less than 2M$,Less than 18,America ML,5,
Stephan Lichtsteiner,MF,2M$ and 5M$,Up to 30,Europe ML,1,
Stephen Ward,GK,Less than 2M$,Up to 30,America ML,3,
Steve Cook,DF,Less than 2M$,18 and 23,Africa ML,4,
Steve Mouni?,MF,5M$ and 10M$,23 and 30,Africa ML,5,
Steven Davis,MF,Up to 10M$,23 and 30,Asia ML,5,
Steven Defour,DF,2M$ and 5M$,18 and 23,Africa ML,5,
Stuart Armstrong,FW,Up to 10M$,18 and 23,Europe ML,3,
Sullay Kaikai,MF,2M$ and 5M$,Less than 18,Viet Nam,4,
Tahith Chong,GK,Less than 2M$,18 and 23,Asia ML,4,
Terence Kongolo,DF,2M$ and 5M$,Less than 18,Africa ML,2,
Theo Walcott,FW,2M$ and 5M$,23 and 30,Europe ML,2,
Tim Ream,MF,5M$ and 10M$,23 and 30,Europe ML,1,
Timothy Eyoma,GK,Less than 2M$,23 and 30,Africa ML,1,
Timothy Fosu-Mensah,MF,Up to 10M$,Up to 30,Viet Nam,4,
Toby Alderweireld,GK,Less than 2M$,23 and 30,Africa ML,2,
Tom Cairney,MF,Less than 2M$,Up to 30,Asia ML,5,
Tom Cleverley,FW,5M$ and 10M$,Less than 18,Viet Nam,5,
Tom Davies,MF,Less than 2M$,Less than 18,Africa ML,3,
Tom Heaton,MF,2M$ and 5M$,Up to 30,Africa ML,5,
Tom Smith,FW,Up to 10M$,18 and 23,America ML,4,
Trent Alexander-Arnold,MF,Up to 10M$,Up to 30,Viet Nam,2,
Troy Deeney,FW,Up to 10M$,23 and 30,Europe ML,1,
Tyias Browning,GK,5M$ and 10M$,23 and 30,Africa ML,1,
Tyreke Johnson,MF,Less than 2M$,18 and 23,America ML,4,
Tyrone Mings,DF,Up to 10M$,Up to 30,Africa ML,4,
Vicente Guaita,DF,2M$ and 5M$,Less than 18,Asia ML,4,
Vicente Iborra De La Fuente,DF,Up to 10M$,18 and 23,Viet Nam,3,
V?ctor Camarasa,FW,Less than 2M$,Less than 18,Asia ML,2,
Victor Lindel?f,DF,2M$ and 5M$,Less than 18,Europe ML,4,
Victor Moses,MF,Less than 2M$,18 and 23,America ML,3,
Victor Wanyama,DF,Less than 2M$,23 and 30,Europe ML,2,
Viktor Gy?keres,DF,Up to 10M$,18 and 23,America ML,1,
Vincent Janssen,MF,Up to 10M$,23 and 30,America ML,3,
Vincent Kompany,DF,Less than 2M$,Less than 18,Viet Nam,2,
Virgil van Dijk,MF,2M$ and 5M$,Less than 18,America ML,1,
Wayne Hennessey,MF,Up to 10M$,Up to 30,Europe ML,5,
Wes Morgan,MF,Up to 10M$,Less than 18,Europe ML,4,
Wesley Hoedt,GK,Up to 10M$,18 and 23,Asia ML,2,
Wilfred Ndidi,DF,5M$ and 10M$,23 and 30,Africa ML,4,
Wilfried Zaha,MF,2M$ and 5M$,23 and 30,Europe ML,4,
Will Hughes,FW,Up to 10M$,18 and 23,Africa ML,2,
Will Norris,GK,5M$ and 10M$,Up to 30,Europe ML,1,
Willian,DF,Up to 10M$,18 and 23,Viet Nam,2,
Willy Boly,GK,2M$ and 5M$,23 and 30,America ML,2,
Willy Caballero,GK,Up to 10M$,Up to 30,America ML,1,
Xherdan Shaqiri,GK,2M$ and 5M$,Up to 30,Viet Nam,1,
Yan Valery,FW,Up to 10M$,Less than 18,Asia ML,3,
Yerry Mina,GK,5M$ and 10M$,Up to 30,Europe ML,3,
Yoshinori Muto,MF,5M$ and 10M$,Up to 30,Europe ML,4,
Youri Tielemans,GK,5M$ and 10M$,18 and 23,Asia ML,1,
Yves Bissouma,MF,2M$ and 5M$,18 and 23,Africa ML,1,
Zechariah Medley,MF,5M$ and 10M$,Less than 18,Africa ML,3,
Zeze  Steven Sessegnon,DF,Up to 10M$,Less than 18,Africa ML,3,
?ukasz Fabia?ski,FW,2M$ and 5M$,Less than 18,Europe ML,4,
